Artist_Album,Genre,Release_Date,Style,Rate_Haves_Wants,Media_Condition,Sleeve_Condition,Seller_Rating,Price
Bennie Green – Walkin' And Talkin',Jazz,1959,Hard Bop,"Rated 4.69 of 13 votes (86 have, 189 want)",Very Good Plus (VG+),Sleeve: Very Good Plus (VG+),100.0%,$390.00
Miles Davis Quartet* – The Musings Of Miles,Jazz,1956,"Hard Bop, Bop","Rated 4.00 of 1 votes (28 have, 85 want)",Very Good Plus (VG+),Sleeve: Very Good (VG),99.9%,$350.00
Lou Donaldson Quintet – Swing And Soul,Jazz,1959,"Hard Bop, Soul-Jazz","Rated 5.00 of 2 votes (9 have, 59 want)",Very Good (VG),Sleeve: Very Good (VG),99.9%,$382.79
John Coltrane – Coltrane,Jazz,1958,Hard Bop,"Rated 4.83 of 12 votes (64 have, 242 want)",Very Good Plus (VG+),Sleeve: Very Good Plus (VG+),99.8%,$330.00
Sam Rivers – Fuchsia Swing Song,Jazz,1965,"Post Bop, Hard Bop","Rated 4.41 of 22 votes (101 have, 407 want)",Very Good Plus (VG+),Sleeve: Very Good (VG),100.0%,$350.00
Hank Mobley – Soul Station,Jazz,1960,Hard Bop,"Rated 4.68 of 53 votes (239 have, 1118 want)",Good Plus (G+),Sleeve: Generic,96.6%,$395.00
Gene Ammons All Stars* – Jammin' In Hi Fi With Gene Ammons,Jazz,Oct 1957,Hard Bop,"Rated 4.00 of 2 votes (42 have, 109 want)",Very Good Plus (VG+),Sleeve: Near Mint (NM or M-),99.4%,$333.00
"Sonny Rollins – A Night At The ""Village Vanguard""",Jazz,Dec 1957,"Hard Bop, Bop","Rated 4.61 of 44 votes (295 have, 496 want)",Very Good (VG),Sleeve: Near Mint (NM or M-),100.0%,$400.00
Harold Land – West Coast Blues!,Jazz,1960,Hard Bop,"Rated 5.00 of 3 votes (16 have, 36 want)",Very Good Plus (VG+),Sleeve: Very Good Plus (VG+),97.0%,$375.00
Wayne Shorter – Night Dreamer,Jazz,1964,Hard Bop,"Rated 4.46 of 37 votes (144 have, 501 want)",Very Good (VG),Sleeve: Very Good Plus (VG+),100.0%,$325.00
Jackie McLean – A Fickle Sonance,Jazz,1962,Hard Bop,"Rated 4.60 of 20 votes (99 have, 273 want)",Very Good (VG),Sleeve: Very Good (VG),99.1%,$300.00
Lee Morgan – Search For The New Land,Jazz,1966,Hard Bop,"Rated 4.64 of 11 votes (98 have, 247 want)",Mint (M),Sleeve: Very Good Plus (VG+),100.0%,$395.00
Art Farmer Quintet Featuring Gigi Gryce – Art Farmer Quintet Featuring Gigi Gryce,Jazz,1956,"Bop, Hard Bop, Cool Jazz","Rated 4.50 of 6 votes (31 have, 161 want)",Very Good Plus (VG+),Sleeve: Very Good Plus (VG+),100.0%,$375.00
The Hank Bagby Soultet – Opus One,Jazz,1964,"Modal, Hard Bop, Soul-Jazz","Rated 4.40 of 5 votes (16 have, 86 want)",Very Good (VG),Sleeve: Very Good (VG),100.0%,$359.99
"Stanley Turrentine – Up At ""Minton's"", Vol. 2",Jazz,1961,Hard Bop,"Rated 4.55 of 11 votes (89 have, 167 want)",Very Good (VG),Sleeve: Very Good (VG),100.0%,$350.00
John Coltrane – A Love Supreme,Jazz,1965,"Free Jazz, Hard Bop, Modal","Rated 4.67 of 12 votes (52 have, 375 want)",Very Good Plus (VG+),Sleeve: Very Good Plus (VG+),100.0%,$350.00
Sonny Rollins – Volume 2,Jazz,Sep 1957,Hard Bop,"Rated 4.60 of 5 votes (23 have, 103 want)",Very Good (VG),Sleeve: Very Good (VG),100.0%,$325.00
The Miles Davis Quintet – Cookin' With The Miles Davis Quintet,Jazz,1958,Hard Bop,"Rated 4.82 of 34 votes (315 have, 257 want)",Near Mint (NM or M-),Sleeve: Near Mint (NM or M-),99.6%,$319.99
Jackie McLean – Destination... Out!,Jazz,Oct 1964,"Hard Bop, Post Bop","Rated 4.53 of 43 votes (176 have, 493 want)",Very Good (VG),Sleeve: Good Plus (G+),100.0%,$369.36
"Art Blakey Quintet – A Night At Birdland, Volume 1",Jazz,Jul 1956,Hard Bop,"Rated 4.60 of 20 votes (149 have, 365 want)",Very Good Plus (VG+),Sleeve: Very Good Plus (VG+),98.5%,$350.00
Miles Davis – Milestones,Jazz,1958,"Modal, Hard Bop","Rated 4.41 of 17 votes (156 have, 342 want)",Near Mint (NM or M-),Sleeve: Very Good Plus (VG+),100.0%,$345.00
Donald Byrd – Royal Flush,Jazz,1961,"Hard Bop, Soul-Jazz, Post Bop","Rated 4.65 of 17 votes (123 have, 260 want)",Very Good Plus (VG+),Sleeve: Very Good Plus (VG+),100.0%,$399.99
The Horace Silver Quintet – Horace-Scope,Jazz,Sep 1960,Hard Bop,"Rated 4.29 of 48 votes (354 have, 269 want)",Very Good Plus (VG+),Sleeve: Very Good Plus (VG+),100.0%,$349.99
Kenny Dorham And The Jazz Prophets – Vol. 1,Jazz,1956,Hard Bop,"Rated 4.70 of 10 votes (68 have, 130 want)",Very Good Plus (VG+),Sleeve: Very Good (VG),100.0%,$375.00
Sonny Rollins – Sonny Rollins Volume 1,Jazz,Jan 1957,"Bop, Hard Bop","Rated 4.35 of 20 votes (101 have, 256 want)",Very Good (VG),Sleeve: Good Plus (G+),96.4%,$389.40
John Coltrane – A Love Supreme,Jazz,1965,"Free Jazz, Hard Bop, Modal","Rated 4.68 of 204 votes (1395 have, 3677 want)",Very Good (VG),Sleeve: Good (G),98.9%,$350.00
Curtis Fuller – New Trombone,Jazz,1957,Hard Bop,"Rated 4.63 of 8 votes (36 have, 211 want)",Good Plus (G+),Sleeve: Generic,100.0%,$300.00
Leo Parker – Let Me Tell You 'Bout It,Jazz,1961,"Hard Bop, Soul-Jazz","Rated 4.56 of 9 votes (104 have, 157 want)",Near Mint (NM or M-),Sleeve: Very Good Plus (VG+),100.0%,$399.99
Cannonball Adderley – Somethin' Else,Jazz,1959,"Bop, Hard Bop","Rated 4.92 of 12 votes (98 have, 389 want)",Very Good (VG),Sleeve: Very Good Plus (VG+),100.0%,$399.99
Grant Green – Talkin' About,Jazz,1965,"Soul-Jazz, Hard Bop","Rated 4.56 of 9 votes (86 have, 226 want)",Very Good Plus (VG+),Sleeve: Very Good Plus (VG+),99.9%,$379.99
Grant Green – Grantstand,Jazz,Feb 1962,"Soul-Jazz, Hard Bop","Rated 4.34 of 29 votes (178 have, 359 want)",Very Good Plus (VG+),Sleeve: Very Good (VG),98.5%,$324.41
Miles Davis – Miles Davis And The Modern Jazz Giants,Jazz,1957,"Cool Jazz, Hard Bop","Rated 4.50 of 6 votes (24 have, 124 want)",Very Good Plus (VG+),Sleeve: Very Good Plus (VG+),99.4%,$331.96
The Johnny Griffin Quartet – Johnny Griffin,Jazz,1958,Hard Bop,"Rated 3.25 of 4 votes (27 have, 90 want)",Very Good (VG),Sleeve: Very Good (VG),99.3%,$319.99
John Coltrane And Johnny Hartman – John Coltrane And Johnny Hartman,Jazz,1963,"Ballad, Vocal, Hard Bop","Rated 4.38 of 60 votes (496 have, 655 want)",Near Mint (NM or M-),Sleeve: Near Mint (NM or M-),72.7%,$348.31
Harold Land – West Coast Blues!,Jazz,1960,Hard Bop,"Rated 5.00 of 3 votes (16 have, 36 want)",Very Good Plus (VG+),Sleeve: Good (G),97.6%,$370.00
The Horace Silver Quintet – The Stylings Of Silver,Jazz,Jul 1957,Hard Bop,"Rated 4.63 of 24 votes (177 have, 183 want)",Very Good (VG),Sleeve: Very Good (VG),100.0%,$336.05
John Coltrane – Blue Train,Jazz,1959,Hard Bop,"Rated 4.75 of 69 votes (312 have, 988 want)",Very Good (VG),Sleeve: Very Good (VG),99.5%,$399.99
Grant Green – Feelin' The Spirit,Jazz,1963,"Hard Bop, Soul-Jazz","No Rating Yet (0 have, 15 want)",Very Good Plus (VG+),Sleeve: Very Good (VG),99.9%,$330.00
Lee Morgan – The Cooker,Jazz,1958,Hard Bop,"Rated 4.54 of 24 votes (136 have, 650 want)",Good Plus (G+),Sleeve: Very Good (VG),100.0%,$399.99
The Jazz Messengers* – At The Cafe Bohemia Volume 1,Jazz,Jan 1956,Hard Bop,"Rated 4.52 of 46 votes (303 have, 435 want)",Very Good Plus (VG+),Sleeve: Very Good Plus (VG+),99.5%,$325.00
Sonny Rollins – Volume 2,Jazz,Sep 1957,Hard Bop,"Rated 4.71 of 35 votes (244 have, 369 want)",Very Good Plus (VG+),Sleeve: Very Good (VG),100.0%,$399.98
Jackie McLean – A Long Drink Of The Blues,Jazz,1961,Hard Bop,"Rated 4.40 of 15 votes (67 have, 175 want)",Very Good Plus (VG+),Sleeve: Very Good (VG),99.2%,$349.99
"Art Blakey Quintet – A Night At Birdland, Volume 1",Jazz,1954,Hard Bop,"Rated 4.50 of 12 votes (67 have, 141 want)",Very Good Plus (VG+),Sleeve: Very Good Plus (VG+),99.2%,$300.99
Chet Baker – Chet,Jazz,1959,"Hard Bop, Cool Jazz","Rated 4.46 of 24 votes (143 have, 650 want)",Very Good (VG),Sleeve: Good Plus (G+),99.9%,$399.99
Horace Silver – Horace Silver Trio,Jazz,Oct 1956,Hard Bop,"Rated 4.57 of 21 votes (102 have, 210 want)",Very Good Plus (VG+),Sleeve: Very Good Plus (VG+),99.2%,$311.99
The Miles Davis Quintet – Workin' With The Miles Davis Quintet,Jazz,1967,"Hard Bop, Bop","No Rating Yet (3 have, 52 want)",Very Good Plus (VG+),Sleeve: Very Good Plus (VG+),99.8%,$349.00
Hank Mobley – Hank Mobley And His All Stars,Jazz,1957,Hard Bop,"Rated 4.50 of 2 votes (17 have, 132 want)",Very Good Plus (VG+),Sleeve: Very Good Plus (VG+),99.9%,$398.29
Donald Byrd – Off To The Races,Jazz,1959,Hard Bop,"Rated 4.74 of 23 votes (154 have, 466 want)",Very Good (VG),Sleeve: Very Good (VG),100.0%,$319.99
Lee Morgan – Leeway,Jazz,1962,Hard Bop,"Rated 5.00 of 4 votes (19 have, 137 want)",Very Good Plus (VG+),Sleeve: Very Good (VG),100.0%,$400.00
Sonny Rollins – Moving Out,Jazz,1956,"Bop, Hard Bop","Rated 4.29 of 21 votes (131 have, 274 want)",Very Good Plus (VG+),Sleeve: Very Good (VG),98.3%,$349.99
Roy Haynes With Phineas Newborn* | Paul Chambers (3) – We Three,Jazz,May 1959,"Bop, Hard Bop","Rated 4.11 of 9 votes (86 have, 314 want)",Very Good Plus (VG+),Sleeve: Very Good Plus (VG+),99.4%,$333.00
Eric Dolphy – Out There,Jazz,1961,"Hard Bop, Free Jazz, Modal","Rated 5.00 of 1 votes (13 have, 105 want)",Very Good Plus (VG+),Sleeve: Very Good Plus (VG+),99.8%,$376.00
Herbie Hancock – Maiden Voyage,Jazz,1965,"Hard Bop, Modal","Rated 4.73 of 74 votes (630 have, 1082 want)",Very Good Plus (VG+),Sleeve: Very Good (VG),99.7%,$339.65
John Coltrane – Blue Train,Jazz,1959,Hard Bop,"Rated 4.75 of 69 votes (312 have, 988 want)",Good (G),Sleeve: Very Good Plus (VG+),98.9%,$349.99
Miles Davis – Blue Moods,Jazz,1955,Hard Bop,"Rated 4.24 of 25 votes (147 have, 573 want)",Very Good Plus (VG+),Sleeve: Very Good (VG),96.4%,$399.99
Jackie McLean – McLean's Scene,Jazz,1958,Hard Bop,"Rated 4.67 of 15 votes (103 have, 200 want)",Very Good Plus (VG+),Sleeve: Good Plus (G+),100.0%,$350.00
Donald Byrd – Off To The Races,Jazz,1966,Hard Bop,"Rated 4.56 of 9 votes (62 have, 133 want)",Near Mint (NM or M-),Sleeve: Very Good Plus (VG+),97.1%,$399.00
The Miles Davis Quintet – Workin' With The Miles Davis Quintet,Jazz,Jan 1960,"Hard Bop, Bop","Rated 4.62 of 101 votes (812 have, 1032 want)",Very Good Plus (VG+),Sleeve: Very Good Plus (VG+),99.7%,$325.00
John Coltrane – The Believer,Jazz,20 Apr 1964,Hard Bop,"Rated 4.43 of 7 votes (72 have, 174 want)",Very Good Plus (VG+),Sleeve: Very Good Plus (VG+),99.4%,$333.00
John Coltrane – Blue Train,Jazz,1959,Hard Bop,"Rated 4.75 of 69 votes (312 have, 988 want)",Good Plus (G+),Sleeve: Fair (F),100.0%,$348.78
Roy Haynes Quartet – Out Of The Afternoon,Jazz,1966,"Bop, Hard Bop","Rated 4.60 of 10 votes (53 have, 200 want)",Mint (M),Sleeve: Near Mint (NM or M-),95.2%,$350.00
Sonny Criss – At The Crossroads with Sonny Criss,Jazz,1959,Hard Bop,"Rated 4.43 of 7 votes (25 have, 77 want)",Very Good Plus (VG+),Sleeve: Very Good Plus (VG+),99.6%,$349.99
Benny Golson – Gone With Golson,Jazz,1960,Hard Bop,"Rated 4.70 of 10 votes (66 have, 165 want)",Very Good Plus (VG+),Sleeve: Very Good (VG),97.2%,$349.95
The Horace Silver Quintet – Song For My Father (Cantiga Para Meu Pai),Jazz,Dec 1964,"Hard Bop, Latin Jazz","Rated 4.53 of 17 votes (142 have, 292 want)",Very Good Plus (VG+),Sleeve: Very Good Plus (VG+),99.4%,$350.00
Hank Mobley – Le Message De Hank Mobley,Jazz,1959,Hard Bop,"Rated 4.50 of 2 votes (10 have, 109 want)",Very Good Plus (VG+),Sleeve: Very Good Plus (VG+),98.8%,$349.95
Hank Mobley Quintet* – Mobley's 2nd Message,Jazz,1957,Hard Bop,"Rated 4.50 of 8 votes (53 have, 165 want)",Very Good (VG),Sleeve: Not Graded,99.9%,$334.89
Ike Quebec – Heavy Soul,Jazz,1962,Hard Bop,"Rated 4.17 of 12 votes (58 have, 161 want)",Very Good Plus (VG+),Sleeve: Near Mint (NM or M-),98.2%,$335.00
Eric Dolphy Quintet – Outward Bound,Jazz,1960,"Hard Bop, Post Bop","Rated 4.64 of 42 votes (197 have, 446 want)",Very Good Plus (VG+),Sleeve: Good Plus (G+),100.0%,$350.00
"Donald Byrd – At The Half Note Cafe, Vol. 2",Jazz,Nov 1963,Hard Bop,"Rated 5.00 of 10 votes (78 have, 169 want)",Near Mint (NM or M-),Sleeve: Near Mint (NM or M-),100.0%,$399.00
"Max Roach – Deeds, Not Words",Jazz,1958,Hard Bop,"Rated 4.69 of 16 votes (135 have, 253 want)",Very Good Plus (VG+),Sleeve: Very Good Plus (VG+),100.0%,$375.00
Jackie McLean – It's Time!,Jazz,Jun 1965,Hard Bop,"Rated 4.42 of 19 votes (97 have, 254 want)",Near Mint (NM or M-),Sleeve: Not Graded,100.0%,$365.65
Dizzy Reece – Star Bright,Jazz,1959,Hard Bop,"Rated 4.71 of 14 votes (92 have, 255 want)",Very Good (VG),Sleeve: Very Good Plus (VG+),99.4%,$350.00
The Miles Davis Quintet – Workin' With The Miles Davis Quintet,Jazz,Jan 1960,"Hard Bop, Bop","Rated 4.62 of 101 votes (812 have, 1032 want)",Very Good Plus (VG+),Sleeve: Very Good Plus (VG+),100.0%,$350.00
Jackie McLean – Right Now!,Jazz,1966,Hard Bop,"Rated 4.68 of 19 votes (119 have, 193 want)",Near Mint (NM or M-),Sleeve: Near Mint (NM or M-),100.0%,$398.98
Red Garland – When There Are Grey Skies,Jazz,1962,Hard Bop,"No Rating Yet (11 have, 22 want)",Very Good Plus (VG+),Sleeve: Very Good Plus (VG+),99.4%,$355.00
Sonny Rollins – Freedom Suite,Jazz,1958,Hard Bop,"Rated 4.38 of 29 votes (261 have, 275 want)",Near Mint (NM or M-),Sleeve: Near Mint (NM or M-),100.0%,$400.00
The Horace Silver Quintet Plus J.J. Johnson – The Cape Verdean Blues,Jazz,Dec 1965,"Hard Bop, Post Bop, Latin Jazz","Rated 4.49 of 49 votes (347 have, 320 want)",Near Mint (NM or M-),Sleeve: Near Mint (NM or M-),97.1%,$360.00
Sonny Rollins – Way Out West,Jazz,1958,Hard Bop,"Rated 4.75 of 16 votes (79 have, 240 want)",Very Good Plus (VG+),Sleeve: Very Good Plus (VG+),99.1%,$362.99
The Prestige All Stars – All Night Long,Jazz,1957,Hard Bop,"Rated 4.60 of 5 votes (69 have, 225 want)",Very Good Plus (VG+),Sleeve: Near Mint (NM or M-),99.4%,$350.00
Lee Morgan – Delightfulee,Jazz,1967,Hard Bop,"Rated 4.73 of 11 votes (94 have, 240 want)",Very Good Plus (VG+),Sleeve: Good Plus (G+),99.9%,$314.39
The Miles Davis Quintet – Cookin' With The Miles Davis Quintet,Jazz,1958,Hard Bop,"Rated 4.82 of 34 votes (315 have, 257 want)",Very Good Plus (VG+),Sleeve: Very Good Plus (VG+),99.4%,$333.00
The John Coltrane Quartet – Africa / Brass,Jazz,1961,"Free Jazz, Hard Bop, Modal","Rated 5.00 of 1 votes (18 have, 196 want)",Very Good Plus (VG+),Sleeve: Very Good (VG),99.9%,$350.00
Art Blakey & The Jazz Messengers – A Night In Tunisia,Jazz,Feb 1961,Hard Bop,"Rated 4.64 of 53 votes (358 have, 622 want)",Very Good Plus (VG+),Sleeve: Near Mint (NM or M-),99.0%,$399.99
Jackie McLean – It's Time!,Jazz,Jun 1965,Hard Bop,"Rated 4.53 of 19 votes (128 have, 365 want)",Very Good (VG),Sleeve: Very Good (VG),97.4%,$399.99
Grant Green – Grant's First Stand,Jazz,1962,"Hard Bop, Soul-Jazz","Rated 4.20 of 5 votes (35 have, 148 want)",Near Mint (NM or M-),Sleeve: Near Mint (NM or M-),99.9%,$380.00
The Miles Davis Quintet – Cookin' With The Miles Davis Quintet,Jazz,Jul 1957,Hard Bop,"Rated 4.70 of 63 votes (458 have, 822 want)",Very Good Plus (VG+),Sleeve: Very Good (VG),100.0%,$344.12
John Coltrane – Coltrane,Jazz,1958,Hard Bop,"Rated 4.83 of 12 votes (64 have, 242 want)",Near Mint (NM or M-),Sleeve: Very Good Plus (VG+),100.0%,$360.00
Charles Mingus – Mingus At Monterey,Jazz,1965,"Hard Bop, Post Bop","Rated 4.33 of 3 votes (33 have, 91 want)",Near Mint (NM or M-),Sleeve: No Cover,99.5%,$325.00
Miles Davis – Miles Davis And The Modern Jazz Giants,Jazz,1964,"Bop, Hard Bop","Rated 4.56 of 9 votes (78 have, 136 want)",Near Mint (NM or M-),Sleeve: Near Mint (NM or M-),87.8%,$399.00
The Ray Draper Quintet Featuring John Coltrane – The Ray Draper Quintet Featuring John Coltrane,Jazz,1958,Hard Bop,"Rated 5.00 of 1 votes (3 have, 20 want)",Very Good (VG),Sleeve: Good (G),99.8%,$368.00
Sonny Rollins – Plus 4,Jazz,1956,Hard Bop,"Rated 4.59 of 29 votes (137 have, 277 want)",Very Good (VG),Sleeve: Good Plus (G+),99.0%,$385.71
John Coltrane – My Favorite Things,Jazz,1961,"Hard Bop, Modal","Rated 4.60 of 121 votes (844 have, 1116 want)",Very Good Plus (VG+),Sleeve: Good Plus (G+),100.0%,$310.04
Bennie Green – Walkin' And Talkin',Jazz,1959,Hard Bop,"Rated 4.69 of 13 votes (86 have, 189 want)",Very Good Plus (VG+),Sleeve: Very Good Plus (VG+),100.0%,$349.99
Jackie McLean – Bluesnik,Jazz,1963,Hard Bop,"Rated 4.67 of 3 votes (35 have, 104 want)",Near Mint (NM or M-),Sleeve: Very Good Plus (VG+),99.6%,$329.99
Albert Ayler – My Name Is Albert Ayler,Jazz,1965,"Hard Bop, Free Jazz","Rated 4.43 of 7 votes (33 have, 192 want)",Mint (M),Sleeve: Mint (M),100.0%,$350.00
Eric Dolphy Quintet – Outward Bound,Jazz,1960,"Hard Bop, Post Bop","Rated 4.64 of 42 votes (197 have, 446 want)",Very Good (VG),Sleeve: Very Good (VG),99.6%,$300.30
Blue Mitchell Sextet – Blue Soul,Jazz,1959,Hard Bop,"Rated 4.43 of 7 votes (78 have, 179 want)",Very Good Plus (VG+),Sleeve: Very Good Plus (VG+),99.7%,$325.00
"Sonny Rollins – A Night At The ""Village Vanguard""",Jazz,Dec 1957,"Hard Bop, Bop","Rated 4.61 of 44 votes (295 have, 496 want)",Very Good (VG),Sleeve: Very Good (VG),98.5%,$354.41
Dexter Gordon – Doin' Allright,Jazz,1961,Hard Bop,"Rated 4.42 of 19 votes (141 have, 322 want)",Very Good Plus (VG+),Sleeve: Very Good Plus (VG+),95.2%,$358.00
John Coltrane – Lush Life,Jazz,Jan 1961,Hard Bop,"Rated 4.51 of 76 votes (573 have, 640 want)",Very Good Plus (VG+),Sleeve: Very Good Plus (VG+),99.6%,$375.00
Nick Ayoub Quintet – The Montreal Scene,Jazz,1964,"Hard Bop, Cool Jazz","Rated 4.25 of 4 votes (44 have, 157 want)",Near Mint (NM or M-),Sleeve: Near Mint (NM or M-),100.0%,$299.99
The Miles Davis Quintet – Workin' With The Miles Davis Quintet,Jazz,Jan 1960,"Hard Bop, Bop","Rated 4.62 of 101 votes (812 have, 1032 want)",Very Good (VG),Sleeve: Good (G),100.0%,$300.00
"Jackie McLean – Swing, Swang, Swingin'",Jazz,Mar 1960,Hard Bop,"Rated 4.78 of 23 votes (121 have, 264 want)",Very Good (VG),Sleeve: Good Plus (G+),99.5%,$300.00
Sonny Rollins Quartet – Tenor Madness,Jazz,1958,"Bop, Hard Bop","Rated 4.80 of 10 votes (72 have, 113 want)",Very Good Plus (VG+),Sleeve: Very Good Plus (VG+),99.8%,$275.00
Lou Donaldson – The Time Is Right,Jazz,1960,"Hard Bop, Soul-Jazz","Rated 4.57 of 21 votes (123 have, 224 want)",Very Good (VG),Sleeve: Very Good (VG),97.4%,$299.99
Blue Mitchell – Blue's Moods,Jazz,1960,Hard Bop,"Rated 4.50 of 4 votes (26 have, 135 want)",Very Good Plus (VG+),Sleeve: Very Good (VG),100.0%,$275.00
Blue Mitchell – Blue's Moods,Jazz,1960,Hard Bop,"Rated 4.50 of 4 votes (26 have, 135 want)",Very Good (VG),Sleeve: Good Plus (G+),100.0%,$299.99
Charles Mingus – Mingus Ah Um,Jazz,14 Sep 1959,"Hard Bop, Bop","Rated 4.78 of 9 votes (69 have, 344 want)",Near Mint (NM or M-),Sleeve: Very Good Plus (VG+),96.4%,$299.99
Clifford Brown – Memorial Album,Jazz,Jul 1956,"Bop, Hard Bop","Rated 5.00 of 4 votes (28 have, 77 want)",Very Good Plus (VG+),Sleeve: Very Good (VG),100.0%,$300.00
Max Roach – We Insist! Max Roach's Freedom Now Suite,Jazz,Jan 1961,"Afro-Cuban Jazz, Hard Bop","Rated 4.72 of 53 votes (296 have, 864 want)",Very Good Plus (VG+),Sleeve: Near Mint (NM or M-),96.4%,$299.99
Sonny Rollins – The Sound Of Sonny,Jazz,1957,Hard Bop,"Rated 4.63 of 8 votes (95 have, 110 want)",Very Good Plus (VG+),Sleeve: Very Good (VG),99.0%,$260.34
John Coltrane – A Love Supreme,Jazz,1965,"Free Jazz, Hard Bop, Modal","Rated 4.68 of 204 votes (1395 have, 3677 want)",Very Good (VG),Sleeve: Very Good (VG),100.0%,$299.00
"Art Blakey Quintet – A Night At Birdland, Volume 2",Jazz,Sep 1956,Hard Bop,"Rated 4.69 of 16 votes (122 have, 260 want)",Very Good (VG),Sleeve: Very Good (VG),97.4%,$299.99
The Miles Davis Quintet – Workin' With The Miles Davis Quintet,Jazz,Jan 1960,"Hard Bop, Bop","Rated 4.62 of 101 votes (812 have, 1032 want)",Very Good (VG),Sleeve: Very Good Plus (VG+),100.0%,$271.66
"Freddie Hubbard – The Night Of The Cookers - Live At Club La Marchal, Volume 2",Jazz,1966,"Hard Bop, Post Bop","Rated 4.18 of 11 votes (66 have, 128 want)",Very Good Plus (VG+),Sleeve: Very Good Plus (VG+),100.0%,$300.00
Lou Donaldson – Blues Walk,Jazz,1958,"Bop, Hard Bop","Rated 4.82 of 33 votes (221 have, 482 want)",Very Good (VG),Sleeve: Very Good (VG),100.0%,$288.46
Art Blakey & The Jazz Messengers – At The Jazz Corner Of The World Vol. 1,Jazz,1959,Hard Bop,"Rated 4.59 of 34 votes (273 have, 245 want)",Very Good Plus (VG+),Sleeve: Very Good Plus (VG+),100.0%,$300.00
Charles Mingus – Mingus Ah Um,Jazz,14 Sep 1959,"Hard Bop, Bop","Rated 4.78 of 9 votes (69 have, 344 want)",Near Mint (NM or M-),Sleeve: Very Good (VG),97.3%,$254.99
Miles Davis Sextet* – Someday My Prince Will Come,Jazz,1961,Hard Bop,"Rated 4.42 of 57 votes (653 have, 268 want)",Near Mint (NM or M-),Sleeve: Very Good Plus (VG+),100.0%,$260.00
Tubby Hayes And The Jazz Couriers Featuring Ronnie Scott – The Jazz Couriers,Jazz,1958,Hard Bop,"Rated 4.33 of 6 votes (25 have, 136 want)",Good Plus (G+),Sleeve: Very Good Plus (VG+),100.0%,$289.99
The Jazz Messengers* – At The Cafe Bohemia Volume 1,Jazz,Jan 1956,Hard Bop,"Rated 4.52 of 46 votes (303 have, 435 want)",Very Good (VG),Sleeve: Good Plus (G+),100.0%,$299.99
Miles Davis All Stars – Out Of The Blue,Jazz,1954,Hard Bop,"No Rating Yet (5 have, 24 want)",Very Good Plus (VG+),Sleeve: Generic,100.0%,$299.98
Jackie McLean – McLean's Scene,Jazz,1958,Hard Bop,"Rated 4.67 of 15 votes (103 have, 200 want)",Very Good Plus (VG+),Sleeve: Very Good (VG),99.5%,$295.00
Cannonball Adderley – Somethin' Else,Jazz,May 1958,"Bop, Hard Bop","Rated 4.70 of 194 votes (1086 have, 1716 want)",Very Good (VG),Sleeve: Very Good (VG),99.5%,$300.00
Lee Morgan – The Sidewinder,Jazz,1964,Hard Bop,"Rated 4.70 of 10 votes (61 have, 292 want)",Very Good Plus (VG+),Sleeve: Very Good Plus (VG+),99.6%,$299.00
Mal Waldron Quintet Featuring Gigi Gryce And Idrees Sulieman – Mal-1,Jazz,May 1957,Hard Bop,"Rated 4.67 of 12 votes (53 have, 204 want)",Very Good (VG),Sleeve: Poor (P),99.3%,$279.99
The Horace Silver Quintet – Further Explorations,Jazz,Mar 1958,Hard Bop,"Rated 4.39 of 41 votes (253 have, 243 want)",Very Good Plus (VG+),Sleeve: Very Good Plus (VG+),100.0%,$300.00
Lee Morgan – The Sidewinder,Jazz,Jul 1964,Hard Bop,"Rated 5.00 of 1 votes (5 have, 61 want)",Very Good (VG),Sleeve: Very Good (VG),100.0%,$299.99
Carl Perkins (4) – Introducing...,Jazz,1957,"Bop, Hard Bop, Soul-Jazz","Rated 4.50 of 2 votes (16 have, 43 want)",Near Mint (NM or M-),Sleeve: Very Good (VG),95.2%,$300.00
Woods* / Byrd* – The Young Bloods,Jazz,1956,Hard Bop,"Rated 4.60 of 10 votes (50 have, 177 want)",Very Good (VG),Sleeve: Very Good (VG),100.0%,$285.07
The Red Garland Trio – Groovy,Jazz,1957,"Hard Bop, Modal","Rated 4.13 of 16 votes (118 have, 229 want)",Very Good (VG),Sleeve: Very Good (VG),97.2%,$300.00
The Miles Davis Quintet – Relaxin' With The Miles Davis Quintet,Jazz,1958,Hard Bop,"Rated 4.67 of 3 votes (16 have, 51 want)",Very Good Plus (VG+),Sleeve: Near Mint (NM or M-),100.0%,$275.00
The Miles Davis Quintet – Miles Smiles,Jazz,Jan 1967,"Hard Bop, Post Bop, Modal","Rated 4.77 of 31 votes (394 have, 272 want)",Near Mint (NM or M-),Sleeve: Very Good Plus (VG+),99.0%,$269.99
''Baby Face'' Willette* – Face To Face,Jazz,1961,"Hard Bop, Soul-Jazz","Rated 4.53 of 19 votes (105 have, 239 want)",Very Good Plus (VG+),Sleeve: Very Good Plus (VG+),99.7%,$299.99
John Jenkins (2) – Jazz Eyes,Jazz,1957,"Hard Bop, Bop","Rated 3.75 of 4 votes (39 have, 107 want)",Very Good Plus (VG+),Sleeve: Very Good Plus (VG+),99.7%,$300.00
Art Taylor – Taylor's Wailers,Jazz,1957,Hard Bop,"Rated 4.40 of 15 votes (68 have, 195 want)",Very Good (VG),Sleeve: Good Plus (G+),100.0%,$300.00
Gene Ammons – Boss Tenor,Jazz,1960,"Hard Bop, Soul-Jazz","Rated 4.63 of 8 votes (76 have, 116 want)",Near Mint (NM or M-),Sleeve: Near Mint (NM or M-),99.8%,$300.00
Wynton Kelly – Kelly Blue,Jazz,1959,"Bop, Hard Bop","Rated 4.43 of 7 votes (118 have, 202 want)",Very Good Plus (VG+),Sleeve: Very Good Plus (VG+),99.9%,$298.99
Sonny Red With Grant Green And Barry Harris (2) – The Mode,Jazz,1962,Hard Bop,"Rated 3.60 of 10 votes (46 have, 168 want)",Very Good Plus (VG+),Sleeve: Good Plus (G+),99.0%,$299.99
"Thad Jones - Frank Wess - Teddy Charles - Mal Waldron - Doug Watkins - Elvin Jones, The Prestige All Stars – Olio",Jazz,1957,Hard Bop,"Rated 4.50 of 14 votes (58 have, 236 want)",Very Good Plus (VG+),Sleeve: Good Plus (G+),99.5%,$300.00
Tommy Turrentine – Tommy Turrentine,Jazz,Mar 1960,Hard Bop,"Rated 3.67 of 9 votes (54 have, 79 want)",Very Good Plus (VG+),Sleeve: Very Good Plus (VG+),100.0%,$300.00
Bill Evans / Roy Haynes / Eric Dolphy / Oliver Nelson / Paul Chambers (3) / Freddie Hubbard – The Blues And The Abstract Truth,Jazz,1961,"Hard Bop, Modal","Rated 4.56 of 27 votes (149 have, 771 want)",Very Good (VG),Sleeve: Very Good (VG),99.5%,$300.00
Miles Davis – Blue Moods,Jazz,1955,Hard Bop,"Rated 4.24 of 25 votes (147 have, 573 want)",Very Good Plus (VG+),Sleeve: Good Plus (G+),100.0%,$299.99
John Coltrane – A Love Supreme,Jazz,1965,"Free Jazz, Hard Bop, Modal","Rated 4.68 of 204 votes (1395 have, 3677 want)",Good Plus (G+),Sleeve: Good Plus (G+),100.0%,$275.00
Sonny Rollins – Volume 2,Jazz,Sep 1957,Hard Bop,"Rated 4.71 of 35 votes (244 have, 369 want)",Very Good (VG),Sleeve: Very Good (VG),98.9%,$275.00
Miles Davis All Stars – Walkin',Jazz,1957,Hard Bop,"Rated 4.50 of 30 votes (311 have, 340 want)",Near Mint (NM or M-),Sleeve: Very Good Plus (VG+),100.0%,$300.00
"Art Blakey Quintet – A Night At Birdland, Volume 1",Jazz,1954,Hard Bop,"Rated 4.50 of 12 votes (67 have, 141 want)",Very Good (VG),Sleeve: Very Good (VG),100.0%,$272.25
John Coltrane – My Favorite Things,Jazz,1962,"Hard Bop, Modal","Rated 4.83 of 6 votes (68 have, 316 want)",Near Mint (NM or M-),Sleeve: Near Mint (NM or M-),98.1%,$300.00
The Horace Silver Quintet & Trio* – Blowin' The Blues Away,Jazz,1963,Hard Bop,"Rated 4.67 of 6 votes (54 have, 78 want)",Very Good Plus (VG+),Sleeve: Very Good Plus (VG+),100.0%,$299.99
Donald Byrd – Royal Flush,Jazz,1961,"Hard Bop, Soul-Jazz, Post Bop","Rated 4.68 of 22 votes (151 have, 355 want)",Very Good (VG),Sleeve: Good Plus (G+),100.0%,$280.00
Dexter Gordon – A Swingin' Affair,Jazz,1962,Hard Bop,"Rated 4.63 of 8 votes (108 have, 195 want)",Very Good Plus (VG+),Sleeve: Very Good Plus (VG+),100.0%,$275.00
Wynton Kelly – Kelly Great,Jazz,1960,Hard Bop,"No Rating Yet (10 have, 54 want)",Near Mint (NM or M-),Sleeve: Near Mint (NM or M-),100.0%,$299.99
Mal Waldron With Eric Dolphy And Booker Ervin – The Quest,Jazz,Jul 1962,"Free Jazz, Hard Bop","Rated 4.77 of 31 votes (154 have, 693 want)",Very Good Plus (VG+),Sleeve: Very Good Plus (VG+),99.6%,$299.99
Eric Dolphy Quintet – Outward Bound,Jazz,1960,"Hard Bop, Post Bop","Rated 4.64 of 42 votes (197 have, 446 want)",Very Good (VG),Sleeve: Very Good (VG),99.5%,$299.95
Donald Byrd – Royal Flush,Jazz,1961,"Hard Bop, Soul-Jazz, Post Bop","Rated 4.65 of 17 votes (123 have, 260 want)",Very Good Plus (VG+),Sleeve: Very Good (VG),99.8%,$265.50
Lou Donaldson with The Three Sounds – LD+3,Jazz,1961,Hard Bop,"Rated 5.00 of 1 votes (15 have, 39 want)",Good Plus (G+),Sleeve: Very Good Plus (VG+),99.8%,$300.00
Horace Silver And The Jazz Messengers* – Horace Silver And The Jazz Messengers,Jazz,1958,Hard Bop,"No Rating Yet (6 have, 25 want)",Very Good (VG),Sleeve: Good Plus (G+),99.6%,$300.00
Cannonball Adderley – Somethin' Else,Jazz,May 1958,"Bop, Hard Bop","Rated 4.70 of 194 votes (1086 have, 1716 want)",Good Plus (G+),Sleeve: Not Graded,99.5%,$269.99
Art Farmer Quintet – Art Farmer Quintet,Jazz,1954,Hard Bop,"Rated 4.00 of 2 votes (17 have, 65 want)",Very Good Plus (VG+),Sleeve: Very Good (VG),100.0%,$289.99
Dexter Gordon – Our Man In Paris,Jazz,1963,Hard Bop,"Rated 4.31 of 13 votes (125 have, 259 want)",Very Good Plus (VG+),Sleeve: Very Good Plus (VG+),99.6%,$299.99
Jay Jay Johnson* – The Eminent Jay Jay Johnson Volume 1,Jazz,1955,"Bop, Hard Bop","Rated 4.65 of 17 votes (156 have, 250 want)",Good Plus (G+),Sleeve: Good (G),100.0%,$300.00
Blue Mitchell – The Thing To Do,Jazz,May 1965,Hard Bop,"Rated 4.80 of 15 votes (117 have, 316 want)",Very Good Plus (VG+),Sleeve: Very Good (VG),100.0%,$300.00
Jackie McLean – It's Time!,Jazz,Jun 1965,Hard Bop,"Rated 4.53 of 19 votes (128 have, 365 want)",Very Good Plus (VG+),Sleeve: Very Good (VG),97.2%,$300.00
Miles Davis – E.S.P.,Jazz,1965,"Hard Bop, Post Bop, Modal","Rated 5.00 of 2 votes (21 have, 162 want)",Near Mint (NM or M-),Sleeve: Very Good Plus (VG+),100.0%,$261.54
The New Jazz Orchestra – Western Reunion London 1965,Jazz,1965,"Hard Bop, Modal, Big Band","Rated 4.38 of 8 votes (31 have, 206 want)",Very Good Plus (VG+),Sleeve: Very Good Plus (VG+),100.0%,$279.99
John Coltrane – A Love Supreme,Jazz,1965,"Free Jazz, Hard Bop, Modal","Rated 4.68 of 204 votes (1395 have, 3677 want)",Very Good (VG),Sleeve: Very Good Plus (VG+),99.5%,$300.00
Jackie McLean – Jackie's Bag,Jazz,1960,Hard Bop,"Rated 4.48 of 21 votes (107 have, 282 want)",Very Good Plus (VG+),Sleeve: Very Good (VG),100.0%,$300.00
Sonny Rollins – The Sound Of Sonny,Jazz,1957,Hard Bop,"Rated 4.63 of 8 votes (95 have, 110 want)",Near Mint (NM or M-),Sleeve: Very Good Plus (VG+),99.4%,$300.00
The Jazz Messengers* – The Jazz Messengers,Jazz,1956,Hard Bop,"Rated 5.00 of 3 votes (24 have, 86 want)",Very Good (VG),Sleeve: Very Good (VG),100.0%,$299.99
Stanley Turrentine With The Three Sounds – Blue Hour,Jazz,1962,"Cool Jazz, Hard Bop","Rated 5.00 of 2 votes (8 have, 47 want)",Very Good Plus (VG+),Sleeve: Very Good Plus (VG+),99.5%,$275.00
Bennie Green – Blows His Horn,Jazz,1956,Hard Bop,"Rated 4.67 of 3 votes (36 have, 77 want)",Good Plus (G+),Sleeve: Good Plus (G+),100.0%,$299.99
Booker Ervin – The Song Book,Jazz,1964,"Hard Bop, Post Bop","Rated 4.38 of 8 votes (35 have, 113 want)",Very Good Plus (VG+),Sleeve: Very Good (VG),100.0%,$299.99
Joe Henderson Sextet – The Kicker,Jazz,1968,"Hard Bop, Modal","Rated 4.14 of 21 votes (112 have, 151 want)",Very Good Plus (VG+),Sleeve: Very Good Plus (VG+),98.9%,$299.99
Dizzy Reece – Asia Minor,Jazz,1962,Hard Bop,"Rated 4.17 of 6 votes (44 have, 213 want)",Near Mint (NM or M-),Sleeve: Very Good (VG),97.0%,$300.00
Red Garland – Red In Bluesville,"Jazz, Blues",1959,Hard Bop,"Rated 4.67 of 12 votes (153 have, 137 want)",Very Good (VG),Sleeve: Very Good (VG),92.3%,$275.20
Sonny Rollins – Volume 2,Jazz,Sep 1957,Hard Bop,"Rated 4.60 of 5 votes (23 have, 103 want)",Good Plus (G+),Sleeve: Good Plus (G+),100.0%,$300.00
Ernie Henry – Presenting Ernie Henry,Jazz,1956,Hard Bop,"Rated 4.33 of 3 votes (45 have, 116 want)",Very Good Plus (VG+),Sleeve: Very Good (VG),100.0%,$290.00
Donald Byrd – Royal Flush,Jazz,1961,"Hard Bop, Soul-Jazz, Post Bop","Rated 4.65 of 17 votes (123 have, 260 want)",Near Mint (NM or M-),Sleeve: Very Good Plus (VG+),96.4%,$299.99
"Art Blakey Quintet – A Night At Birdland, Vol. 2",Jazz,1954,Hard Bop,"Rated 4.71 of 7 votes (71 have, 132 want)",Very Good Plus (VG+),Sleeve: Very Good Plus (VG+),100.0%,$280.00
The Jazz Messengers* – At The Cafe Bohemia Volume 2,Jazz,1957,Hard Bop,"Rated 4.57 of 7 votes (43 have, 102 want)",Very Good (VG),Sleeve: Very Good (VG),100.0%,$275.00
Miles Davis – Ascenseur Pour L'Échafaud,"Jazz, Stage & Screen",1958,"Hard Bop, Soundtrack, Modal","Rated 4.91 of 11 votes (55 have, 354 want)",Near Mint (NM or M-),Sleeve: Near Mint (NM or M-),98.2%,$300.00
The Horace Silver Quintet & Trio* – Blowin' The Blues Away,Jazz,1963,Hard Bop,"Rated 4.67 of 6 votes (54 have, 78 want)",Near Mint (NM or M-),Sleeve: Near Mint (NM or M-),100.0%,$300.00
The Red Garland Trio Plus Ray Barretto – Manteca,Jazz,1958,Hard Bop,"Rated 4.75 of 8 votes (66 have, 63 want)",Very Good Plus (VG+),Sleeve: Very Good (VG),99.0%,$256.67
Grant Green – Sunday Mornin',Jazz,Oct 1962,Hard Bop,"Rated 4.50 of 18 votes (114 have, 315 want)",Very Good Plus (VG+),Sleeve: Good Plus (G+),100.0%,$289.00
John Coltrane – A Love Supreme,Jazz,1965,"Free Jazz, Hard Bop, Modal","Rated 4.68 of 204 votes (1395 have, 3677 want)",Very Good (VG),Sleeve: Very Good Plus (VG+),100.0%,$299.00
Kenny Burrell – Kenny Burrell,Jazz,1956,"Hard Bop, Bop","Rated 4.50 of 18 votes (83 have, 503 want)",Very Good (VG),Sleeve: Not Graded,99.9%,$300.00
Dexter Gordon – Doin' Allright,Jazz,1963,Hard Bop,"Rated 4.88 of 8 votes (49 have, 67 want)",Very Good Plus (VG+),Sleeve: Very Good Plus (VG+),100.0%,$290.00
Charles Mingus – Mingus At Monterey,Jazz,1965,"Hard Bop, Post Bop","Rated 4.33 of 3 votes (33 have, 91 want)",Very Good Plus (VG+),Sleeve: Very Good Plus (VG+),99.9%,$300.00
Kenny Drew Quintet / Quartet* – This Is New,Jazz,1957,Hard Bop,"Rated 4.00 of 8 votes (47 have, 178 want)",Very Good (VG),Sleeve: Very Good (VG),100.0%,$300.00
Art Blakey And The Jazz Messengers* – Art Blakey And The Jazz Messengers,Jazz,1962,Hard Bop,"Rated 4.67 of 15 votes (107 have, 369 want)",Good (G),Sleeve: Very Good Plus (VG+),100.0%,$299.99
Thelonious Monk – Brilliant Corners,Jazz,1958,Hard Bop,"Rated 4.85 of 52 votes (349 have, 402 want)",Near Mint (NM or M-),Sleeve: Near Mint (NM or M-),100.0%,$299.99
Johnny Coles – Little Johnny C,Jazz,1963,Hard Bop,"Rated 4.56 of 16 votes (94 have, 170 want)",Very Good Plus (VG+),Sleeve: Near Mint (NM or M-),98.7%,$300.00
Harold Land – Harold In The Land Of Jazz,Jazz,May 1959,Hard Bop,"Rated 4.00 of 1 votes (17 have, 39 want)",Very Good Plus (VG+),Sleeve: Very Good Plus (VG+),100.0%,$300.00
The Horace Silver Quintet & Trio* – Blowin' The Blues Away,Jazz,Oct 1959,Hard Bop,"Rated 4.62 of 78 votes (682 have, 361 want)",Very Good (VG),Sleeve: Very Good (VG),100.0%,$299.00
"Art Blakey Quintet – A Night At Birdland, Volume 2",Jazz,1959,Hard Bop,"Rated 4.86 of 7 votes (54 have, 73 want)",Very Good Plus (VG+),Sleeve: Very Good (VG),100.0%,$280.00
Charlie Rouse / Seldon Powell – We Paid Our Dues!,Jazz,1961,Hard Bop,"Rated 4.00 of 4 votes (27 have, 65 want)",Very Good Plus (VG+),Sleeve: Very Good Plus (VG+),99.5%,$299.99
Cannonball Adderley – Somethin' Else,Jazz,1960,"Bop, Hard Bop","Rated 4.79 of 19 votes (127 have, 369 want)",Very Good Plus (VG+),Sleeve: Very Good Plus (VG+),93.8%,$299.00
Horace Silver Trio* And Art Blakey – Vol. 2,Jazz,1954,Hard Bop,"Rated 4.56 of 9 votes (35 have, 143 want)",Very Good (VG),Sleeve: Good Plus (G+),100.0%,$300.00
The Dave Brubeck Quartet – Time Out,Jazz,1962,"Bop, Hard Bop","Rated 4.45 of 11 votes (130 have, 245 want)",Good (G),Sleeve: Very Good (VG),96.5%,$290.00
Art Blakey Featuring Bud Powell And Lee Morgan – Blakey In Paris,Jazz,1961,Hard Bop,"Rated 4.17 of 6 votes (46 have, 102 want)",Near Mint (NM or M-),Sleeve: Very Good Plus (VG+),100.0%,$300.00
The Miles Davis Quintet – Workin' With The Miles Davis Quintet,Jazz,Jan 1960,"Hard Bop, Bop","Rated 4.62 of 101 votes (812 have, 1032 want)",Very Good (VG),Sleeve: Very Good (VG),99.9%,$245.00
Stanley Turrentine With The Three Sounds – Blue Hour,Jazz,1961,"Cool Jazz, Hard Bop","Rated 4.26 of 19 votes (149 have, 332 want)",Very Good (VG),Sleeve: Very Good Plus (VG+),99.5%,$229.99
Leo Parker – Let Me Tell You 'Bout It,Jazz,1961,"Hard Bop, Soul-Jazz","Rated 4.56 of 9 votes (104 have, 157 want)",Very Good Plus (VG+),Sleeve: Fair (F),100.0%,$249.00
Anthony Williams – Spring,Jazz,1966,"Free Jazz, Post Bop, Hard Bop","Rated 4.64 of 22 votes (108 have, 324 want)",Very Good Plus (VG+),Sleeve: Very Good (VG),99.5%,$252.99
Stanley Turrentine – Rough 'N Tumble,Jazz,1966,"Hard Bop, Soul-Jazz","Rated 4.36 of 22 votes (225 have, 102 want)",Very Good Plus (VG+),Sleeve: Very Good Plus (VG+),100.0%,$250.00
Eric Dolphy – Out To Lunch!,Jazz,Aug 1964,"Hard Bop, Free Jazz, Modal, Post Bop","Rated 4.62 of 85 votes (418 have, 1185 want)",Very Good Plus (VG+),Sleeve: Very Good (VG),98.3%,$249.00
Elvin Jones – The Best Of Alvin Jones,Jazz,1970,Hard Bop,"Rated 5.00 of 1 votes (0 have, 0 want)",Near Mint (NM or M-),Sleeve: Very Good Plus (VG+),99.7%,$250.00
Kenny Burrell – Kenny Burrell,Jazz,1967,"Hard Bop, Bop","Rated 5.00 of 3 votes (71 have, 128 want)",Near Mint (NM or M-),Sleeve: Very Good Plus (VG+),100.0%,$250.00
Ike Quebec – It Might As Well Be Spring,Jazz,1962,Hard Bop,"Rated 4.54 of 13 votes (75 have, 155 want)",Very Good Plus (VG+),Sleeve: Very Good Plus (VG+),99.5%,$249.99
Sonny Rollins – Tour De Force,Jazz,1958,"Bop, Hard Bop","Rated 4.53 of 15 votes (88 have, 155 want)",Very Good (VG),Sleeve: Very Good (VG),99.6%,$225.00
"Freddie Hubbard – The Night Of The Cookers - Live At Club La Marchal, Volume 1",Jazz,1965,"Hard Bop, Post Bop","Rated 4.68 of 19 votes (119 have, 144 want)",Very Good (VG),Sleeve: Very Good Plus (VG+),100.0%,$249.99
The Dave Bailey Sextet – One Foot In The Gutter: A Treasury Of Soul,Jazz,1960,Hard Bop,"Rated 4.67 of 3 votes (74 have, 90 want)",Very Good Plus (VG+),Sleeve: Very Good (VG),100.0%,$234.56
Charles Mingus – Mingus Ah Um,Jazz,14 Sep 1959,"Hard Bop, Bop","Rated 4.78 of 122 votes (742 have, 1171 want)",Very Good Plus (VG+),Sleeve: Very Good Plus (VG+),100.0%,$237.74
Booker Little – Booker Little,Jazz,1960,Hard Bop,"Rated 4.70 of 10 votes (65 have, 194 want)",Very Good Plus (VG+),Sleeve: Very Good (VG),99.7%,$250.00
Art Blakey & The Jazz Messengers – The Freedom Rider,Jazz,Feb 1964,Hard Bop,"Rated 4.42 of 38 votes (243 have, 345 want)",Very Good Plus (VG+),Sleeve: Near Mint (NM or M-),100.0%,$229.48
Grant Green – Grantstand,Jazz,Feb 1962,"Soul-Jazz, Hard Bop","Rated 4.34 of 29 votes (178 have, 359 want)",Good Plus (G+),Sleeve: Very Good (VG),99.6%,$250.00
Ike Quebec – It Might As Well Be Spring,Jazz,1962,Hard Bop,"Rated 4.54 of 13 votes (75 have, 155 want)",Very Good Plus (VG+),Sleeve: Very Good Plus (VG+),100.0%,$239.94
Roy Haynes Quartet – Out Of The Afternoon,Jazz,1966,"Bop, Hard Bop","Rated 4.60 of 10 votes (53 have, 200 want)",Very Good Plus (VG+),Sleeve: Very Good Plus (VG+),100.0%,$225.00
Art Blakey And The Jazz Messengers* – Art Blakey And The Jazz Messengers,Jazz,1962,Hard Bop,"Rated 4.89 of 18 votes (133 have, 323 want)",Very Good (VG),Sleeve: Very Good (VG),97.4%,$229.99
Booker Ervin – The Blues Book,Jazz,1965,"Hard Bop, Post Bop","Rated 4.58 of 12 votes (88 have, 125 want)",Very Good Plus (VG+),Sleeve: Very Good Plus (VG+),99.6%,$250.00
John Coltrane – Dakar,Jazz,1965,Hard Bop,"No Rating Yet (1 have, 22 want)",Near Mint (NM or M-),Sleeve: Very Good Plus (VG+),nan,$244.00
Dexter Gordon – A Swingin' Affair,Jazz,1962,Hard Bop,"Rated 4.63 of 8 votes (108 have, 195 want)",Very Good (VG),Sleeve: Very Good Plus (VG+),99.6%,$249.95
Art Blakey & The Jazz Messengers – A Night In Tunisia,Jazz,Mar 1961,Hard Bop,"Rated 4.62 of 21 votes (134 have, 339 want)",Very Good Plus (VG+),Sleeve: Very Good Plus (VG+),100.0%,$229.99
Sonny Rollins Quintet With Kenny Dorham And Max Roach – Rollins Plays For Bird,Jazz,1958,Hard Bop,"Rated 4.25 of 4 votes (40 have, 90 want)",Very Good Plus (VG+),Sleeve: Very Good Plus (VG+),100.0%,$249.99
John Coltrane – Coltrane Plays The Blues,Jazz,1962,"Hard Bop, Modal","Rated 4.46 of 39 votes (538 have, 289 want)",Very Good Plus (VG+),Sleeve: Very Good Plus (VG+),98.9%,$250.00
Anthony Williams – Spring,Jazz,1966,"Free Jazz, Post Bop, Hard Bop","Rated 4.00 of 1 votes (17 have, 59 want)",Near Mint (NM or M-),Sleeve: Near Mint (NM or M-),99.2%,$249.50
Lee Morgan – The Sidewinder,Jazz,1966,Hard Bop,"Rated 5.00 of 7 votes (35 have, 153 want)",Very Good Plus (VG+),Sleeve: Very Good Plus (VG+),100.0%,$249.99
Hank Mobley / John Coltrane – Two Tenors,Jazz,1958,Hard Bop,"Rated 5.00 of 2 votes (5 have, 87 want)",Very Good (VG),Sleeve: Very Good (VG),99.9%,$239.29
The Miles Davis Quintet – Miles Smiles,Jazz,Jan 1967,"Hard Bop, Post Bop, Modal","Rated 4.77 of 31 votes (394 have, 272 want)",Near Mint (NM or M-),Sleeve: Very Good Plus (VG+),98.5%,$249.99
Horace Silver Quintet* / Sextet* – The Jody Grind,Jazz,1967,"Soul-Jazz, Hard Bop","Rated 4.42 of 52 votes (381 have, 231 want)",Very Good Plus (VG+),Sleeve: Very Good (VG),100.0%,$229.00
Cannonball Adderley – Somethin' Else,Jazz,1960,"Bop, Hard Bop","Rated 4.79 of 19 votes (127 have, 369 want)",Very Good (VG),Sleeve: Very Good (VG),100.0%,$225.00
Sonny Rollins Quartet – Tenor Madness,Jazz,1958,"Bop, Hard Bop","Rated 4.80 of 10 votes (72 have, 113 want)",Very Good Plus (VG+),Sleeve: Very Good Plus (VG+),95.5%,$240.00
Donald Byrd – Fuego,Jazz,Jun 1960,Hard Bop,"Rated 4.70 of 40 votes (242 have, 395 want)",Very Good (VG),Sleeve: Very Good Plus (VG+),99.9%,$225.97
The Horace Silver Quintet – Finger Poppin' With The Horace Silver Quintet,Jazz,1959,"Bop, Hard Bop","Rated 4.44 of 48 votes (345 have, 300 want)",Very Good Plus (VG+),Sleeve: Very Good Plus (VG+),100.0%,$250.00
The Horace Silver Quintet – Song For My Father (Cantiga Para Meu Pai),Jazz,Dec 1964,"Hard Bop, Latin Jazz","Rated 4.64 of 86 votes (731 have, 1016 want)",Very Good Plus (VG+),Sleeve: Very Good Plus (VG+),100.0%,$225.00
Hank Mobley – Hi Voltage,Jazz,1967,Hard Bop,"Rated 5.00 of 4 votes (18 have, 96 want)",Very Good Plus (VG+),Sleeve: Very Good (VG),99.9%,$250.00
The Red Garland Quintet – All Mornin' Long,Jazz,1958,Hard Bop,"No Rating Yet (6 have, 65 want)",Very Good (VG),Sleeve: Very Good Plus (VG+),100.0%,$250.00
"Thad Jones - Frank Wess - Teddy Charles - Mal Waldron - Doug Watkins - Elvin Jones, The Prestige All Stars – Olio",Jazz,1957,Hard Bop,"Rated 4.50 of 14 votes (58 have, 236 want)",Very Good (VG),Sleeve: Not Graded,99.9%,$250.00
The Horace Silver Quintet – Doin' The Thing - At The Village Gate,Jazz,Aug 1961,Hard Bop,"Rated 4.28 of 53 votes (598 have, 245 want)",Near Mint (NM or M-),Sleeve: Very Good Plus (VG+),99.2%,$250.00
Charles Mingus – Mingus Ah Um,Jazz,1959,"Hard Bop, Bop","Rated 4.38 of 16 votes (82 have, 467 want)",Very Good Plus (VG+),Sleeve: Very Good Plus (VG+),100.0%,$249.99
"Stanley Turrentine – Up At ""Minton's"" Volume 2",Jazz,1962,Hard Bop,"Rated 5.00 of 1 votes (4 have, 9 want)",Very Good (VG),Sleeve: Very Good (VG),100.0%,$249.99
The Miles Davis Quintet – Workin' With The Miles Davis Quintet,Jazz,Jan 1960,"Hard Bop, Bop","Rated 4.62 of 101 votes (812 have, 1032 want)",Very Good (VG),Sleeve: Very Good Plus (VG+),100.0%,$250.00
Charles Mingus – Mingus Ah Um,Jazz,1959,"Hard Bop, Bop","Rated 4.82 of 11 votes (92 have, 498 want)",Very Good Plus (VG+),Sleeve: Good Plus (G+),99.0%,$250.00
Benny Golson – Gone With Golson,Jazz,1960,Hard Bop,"Rated 4.70 of 10 votes (66 have, 165 want)",Very Good (VG),Sleeve: Very Good (VG),100.0%,$250.00
Miles Davis – Miles Davis And The Modern Jazz Giants,Jazz,1965,"Bop, Hard Bop","Rated 5.00 of 1 votes (4 have, 45 want)",Near Mint (NM or M-),Sleeve: Very Good Plus (VG+),100.0%,$250.00
The Jazz Messengers* – At The Cafe Bohemia Volume 2,Jazz,01 Jan 1962,Hard Bop,"No Rating Yet (3 have, 30 want)",Mint (M),Sleeve: Very Good Plus (VG+),100.0%,$250.00
The Miles Davis Quintet – Cookin' With The Miles Davis Quintet,Jazz,Jul 1957,Hard Bop,"Rated 4.70 of 63 votes (458 have, 822 want)",Very Good (VG),Sleeve: Very Good Plus (VG+),100.0%,$225.99
Miles Davis – 'Round About Midnight,Jazz,04 Mar 1957,Hard Bop,"Rated 4.56 of 209 votes (1940 have, 1472 want)",Very Good Plus (VG+),Sleeve: Very Good (VG),99.0%,$227.59
"Earl Bud' Powell* – Blue Note Café Paris, 1961",Jazz,1968,Hard Bop,"Rated 4.20 of 5 votes (106 have, 50 want)",Mint (M),Sleeve: Mint (M),100.0%,$250.00
Sonny Rollins – Moving Out,Jazz,1956,"Bop, Hard Bop","Rated 4.29 of 21 votes (131 have, 274 want)",Very Good (VG),Sleeve: Good (G),100.0%,$227.00
Art Blakey – Blakey,Jazz,1955,Hard Bop,"Rated 4.57 of 7 votes (34 have, 75 want)",Very Good Plus (VG+),Sleeve: Very Good Plus (VG+),99.2%,$233.99
Clifford Brown And Max Roach – Study In Brown,Jazz,1955,"Bop, Hard Bop","Rated 4.00 of 1 votes (2 have, 33 want)",Very Good Plus (VG+),Sleeve: Very Good (VG),99.9%,$250.00
Jackie McLean – It's Time!,Jazz,Jun 1965,Hard Bop,"Rated 4.42 of 19 votes (97 have, 254 want)",Very Good Plus (VG+),Sleeve: Very Good Plus (VG+),100.0%,$249.99
Cannonball Adderley – Somethin' Else,Jazz,1963,"Bop, Hard Bop","Rated 4.90 of 20 votes (128 have, 338 want)",Very Good Plus (VG+),Sleeve: Very Good Plus (VG+),99.3%,$250.00
Anthony Williams – Spring,Jazz,1966,"Free Jazz, Post Bop, Hard Bop","Rated 4.64 of 22 votes (108 have, 324 want)",Very Good (VG),Sleeve: Good Plus (G+),100.0%,$225.00
Grant Green – Grant's First Stand,Jazz,1962,"Hard Bop, Soul-Jazz","Rated 4.20 of 5 votes (35 have, 148 want)",Very Good (VG),Sleeve: Very Good Plus (VG+),97.1%,$249.00
The Horace Silver Quintet & Trio* – Blowin' The Blues Away,Jazz,Oct 1959,Hard Bop,"Rated 4.62 of 78 votes (682 have, 361 want)",Very Good Plus (VG+),Sleeve: Near Mint (NM or M-),98.7%,$240.00
Miles Davis – Milestones,Jazz,1958,Hard Bop,"Rated 4.73 of 11 votes (134 have, 230 want)",Near Mint (NM or M-),Sleeve: Very Good (VG),99.9%,$250.00
The John Coltrane Quartet – Africa / Brass,Jazz,Sep 1961,"Free Jazz, Hard Bop, Modal","Rated 4.53 of 79 votes (665 have, 657 want)",Very Good Plus (VG+),Sleeve: Very Good (VG),98.0%,$249.99
Miles Davis – Milestones,Jazz,1958,Hard Bop,"Rated 4.73 of 11 votes (134 have, 230 want)",Very Good Plus (VG+),Sleeve: Good Plus (G+),99.0%,$229.41
The George Wallington Trio* – The George Wallington Trio,Jazz,1956,Hard Bop,"Rated 4.00 of 1 votes (19 have, 23 want)",Near Mint (NM or M-),Sleeve: Very Good Plus (VG+),99.7%,$250.00
Horace Silver Quintet* – Horace Silver Quintet Vol. 4,Jazz,1955,Hard Bop,"Rated 5.00 of 3 votes (26 have, 108 want)",Very Good (VG),Sleeve: Very Good Plus (VG+),99.6%,$250.00
Wynton Kelly – Kelly At Midnite,Jazz,1960,Hard Bop,"Rated 4.31 of 13 votes (117 have, 109 want)",Near Mint (NM or M-),Sleeve: Near Mint (NM or M-),100.0%,$250.00
"Coleman Hawkins With Eddie ""Lockjaw"" Davis – Night Hawk",Jazz,1961,Hard Bop,"Rated 4.31 of 13 votes (72 have, 94 want)",Very Good (VG),Sleeve: Very Good (VG),100.0%,$250.00
The Red Garland Quintet With John Coltrane And Donald Byrd – High Pressure,Jazz,1961,Hard Bop,"Rated 5.00 of 1 votes (13 have, 87 want)",Very Good Plus (VG+),Sleeve: Very Good Plus (VG+),100.0%,$249.99
Donald Byrd – At The Half Note Cafe (Volume 1),Jazz,Jul 1961,Hard Bop,"Rated 5.00 of 2 votes (14 have, 37 want)",Very Good (VG),Sleeve: Good Plus (G+),100.0%,$249.99
Oliver Nelson – The Blues And The Abstract Truth,Jazz,1965,"Hard Bop, Modal","Rated 4.44 of 54 votes (390 have, 664 want)",Near Mint (NM or M-),Sleeve: Very Good Plus (VG+),95.5%,$250.00
Donald Byrd – Electric Byrd,Jazz,1970,"Hard Bop, Modal, Latin Jazz","Rated 4.65 of 95 votes (725 have, 876 want)",Near Mint (NM or M-),Sleeve: Very Good Plus (VG+),100.0%,$250.00
John Coltrane Quartet* – Ballads,Jazz,1965,"Hard Bop, Modal","Rated 4.67 of 12 votes (218 have, 174 want)",Very Good Plus (VG+),Sleeve: Very Good Plus (VG+),99.7%,$250.00
Oliver Nelson – The Blues And The Abstract Truth,Jazz,1965,"Hard Bop, Modal","Rated 4.44 of 54 votes (390 have, 664 want)",Near Mint (NM or M-),Sleeve: Very Good Plus (VG+),95.5%,$250.00
Freddie Hubbard – Ready For Freddie,Jazz,Apr 1962,Hard Bop,"Rated 4.50 of 26 votes (110 have, 453 want)",Good Plus (G+),Sleeve: Not Graded,99.9%,$250.00
Clark Terry With Thelonious Monk – In Orbit,Jazz,1958,"Hard Bop, Bop","Rated 4.33 of 18 votes (166 have, 231 want)",Near Mint (NM or M-),Sleeve: Near Mint (NM or M-),100.0%,$250.00
Donald Byrd – Byrd's Word,Jazz,1956,"Hard Bop, Bop","Rated 4.44 of 16 votes (103 have, 245 want)",Very Good Plus (VG+),Sleeve: Very Good Plus (VG+),99.9%,$239.00
Buddy Rich And Max Roach – Rich Versus Roach,Jazz,1959,Hard Bop,"Rated 4.50 of 6 votes (30 have, 31 want)",Very Good Plus (VG+),Sleeve: Very Good Plus (VG+),98.7%,$250.00
"Thad Jones - Frank Wess - Teddy Charles - Mal Waldron - Doug Watkins - Elvin Jones, The Prestige All Stars – Olio",Jazz,1957,Hard Bop,"Rated 4.50 of 14 votes (58 have, 236 want)",Very Good Plus (VG+),Sleeve: Very Good (VG),100.0%,$250.00
Wayne Shorter – Night Dreamer,Jazz,1966,Hard Bop,"Rated 4.64 of 11 votes (97 have, 283 want)",Very Good (VG),Sleeve: Very Good (VG),100.0%,$250.00
Sonny Rollins Quartet – Tenor Madness,Jazz,1958,"Bop, Hard Bop","Rated 4.80 of 10 votes (72 have, 113 want)",Very Good Plus (VG+),Sleeve: Very Good Plus (VG+),99.2%,$227.99
Sonny Criss – At The Crossroads with Sonny Criss,Jazz,1959,Hard Bop,"Rated 4.43 of 7 votes (25 have, 77 want)",Very Good Plus (VG+),Sleeve: Very Good (VG),99.9%,$250.00
